"","name","criteria","Intercept_mean","sex_mean","pre_weight_mean","exercise_mean","diet_mean"
"1","bias","Atkinson",-0.266651082234372,-0.0983083395912703,0.00473591725890299,0.00841421541880824,-0.00735976648897399
"2","bias","cooks.distance",-1.04298954708054,-1.48525175712963,0.0624431327152615,-0.262471768382017,-0.215370685082383
"3","bias","covratio",-0.0819282683175121,-0.0433094422081299,0.00101950868207967,0.0144677657602463,-0.0073192224083129
"4","bias","diffits",-0.266651082234372,-0.0983083395912703,0.00473591725890299,0.00841421541880824,-0.00735976648897399
"5","SE","Atkinson",0.071102799656762,0.00966452963319253,2.24289122831752e-05,7.07990211141103e-05,5.41661627722245e-05
"6","SE","cooks.distance",1.08782719531927,2.20597278205665,0.00389914482329576,0.0688914291975833,0.0463845319928549
"7","SE","covratio",0.00671224114950626,0.00187570778437935,1.03939795283583e-06,0.000209316246093356,5.35710166623497e-05
"8","SE","diffits",0.071102799656762,0.00966452963319253,2.24289122831752e-05,7.07990211141103e-05,5.41661627722245e-05
