"","AUC","Sensitivity","Specificity","Score"
"full.model",0.936007050351176,0.897703549060543,0.835563619868451,-2.62708895499266
"stepwise.model",0.936117721952112,0.874739039665971,0.854819687003856,-2.44449836124033
"LASSO.model",0.938022428840056,0.896510587533552,0.835790428668632,-2.5181207101323
