"","AUC","Sensitivity","Specificity","Score"
"full.model",0.934539194625851,0.85377358490566,0.935121794183925,-4.03498366944228
"stepwise.model",0.935589518877176,0.843160377358491,0.947483635583217,-3.84063477689926
"LASSO.model",0.0523201230191105,1,4.29230604142075e-05,-75662656.9243706
