"","AUC","Sensitivity","Specificity","Score"
"full.model",0.989150457001135,0.95357833655706,0.954426943049839,-4.06463641795357
"stepwise.model",0.989047908193441,0.949709864603482,0.961128229438255,-3.72560145568688
"LASSO.model",0.991222167980134,0.96615087040619,0.957809907561033,-3.61456212680144
