"","AUC","Sensitivity","Specificity"
"full.model",0.938499976797376,0.878565377012143,0.878565377012143
"stepwise.model",0.938800156302844,0.892968088110703,0.892968088110703
"LASSO.model",0.94040422706756,0.879977407512002,0.870940412312906
