traningdata 50%,L.AUC,AUC,U.AUC
full.model,0.938231353,0.94257303,0.946914708
stepwise.model,0.938243021,0.942597214,0.946951408
LASSO.model,0.938321887,0.942688197,0.947054506
