"","AUC","Sensitivity","Specificity","Score"
"full.model",0.938499976797376,0.878565377012143,0.852261855951893,-2.37400712180211
"stepwise.model",0.938800156302844,0.892968088110703,0.835930025966926,-2.50736994391162
"LASSO.model",0.94040422706756,0.879977407512002,0.853901872352057,-2.31399708335668
