"","AUC","Sensitivity","Specificity","Score"
"full.model",0.916083835276595,0.843786982248521,0.834563715180909,-3.98903167946229
"stepwise.model",0.918483994157531,0.854437869822485,0.832288939439461,-3.99871117946438
"LASSO.model",0.0934952131170534,0.00118343195266272,0.999978539851496,466102.70883747
